{"cameraMode":{"drawMode":0,"name":"Shaded","section":"Shading Mode"},"sceneLighting":true,"audioPlay":false,"sceneViewState":{"showFog":true,"showMaterialUpdate":false,"showSkybox":true,"showFlares":true,"showImageEffects":true,"showParticleSystems":true},"in2DMode":false,"pivot":{"x":-37.14635467529297,"y":-21.432844161987306,"z":-13.475428581237793},"rotation":{"x":-0.16418156027793885,"y":0.80094313621521,"z":-0.2546313405036926,"w":-0.5164350271224976},"size":48.5029411315918,"orthographic":false}