{"cameraMode":{"drawMode":0,"name":"Shaded","section":"Shading Mode"},"sceneLighting":false,"audioPlay":false,"sceneViewState":{"showFog":true,"showMaterialUpdate":false,"showSkybox":false,"showFlares":true,"showImageEffects":true,"showParticleSystems":true},"in2DMode":false,"pivot":{"x":-6.699985980987549,"y":-0.35863232612609866,"z":-8.681808471679688},"rotation":{"x":-0.11521293222904206,"y":0.8590494394302368,"z":-0.2214660793542862,"w":-0.44690200686454775},"size":24.724720001220704,"orthographic":false}