{"cameraMode":{"drawMode":0,"name":"Shaded","section":"Shading Mode"},"sceneLighting":true,"audioPlay":false,"sceneViewState":{"showFog":true,"showMaterialUpdate":false,"showSkybox":true,"showFlares":true,"showImageEffects":true,"showParticleSystems":true},"in2DMode":false,"pivot":{"x":-3.6129379272460939,"y":16.994699478149415,"z":-17.57964324951172},"rotation":{"x":-0.3717253804206848,"y":0.043698035180568698,"z":-0.017522918060421945,"w":-0.9271544814109802},"size":22.0,"orthographic":false}